"Region","Year","Age Range","Tobacco Use","Measure Type","Variable","Value"
"Connecticut","2004-2006","12-17","Cigarette Use in the Past Month","Percent","Margins of Error",1.55
"Connecticut","2004-2006","12-17","Cigarette Use in the Past Month","Percent","Tobacco Use",11.8
"Connecticut","2004-2006","12-17","Tobacco Product Use in the Past Month","Percent","Margins of Error",1.86
"Connecticut","2004-2006","12-17","Tobacco Product Use in the Past Month","Percent","Tobacco Use",14.58
"Connecticut","2004-2006","18-25","Cigarette Use in the Past Month","Percent","Margins of Error",2.86
"Connecticut","2004-2006","18-25","Cigarette Use in the Past Month","Percent","Tobacco Use",42.51
"Connecticut","2004-2006","18-25","Tobacco Product Use in the Past Month","Percent","Margins of Error",2.76
"Connecticut","2004-2006","18-25","Tobacco Product Use in the Past Month","Percent","Tobacco Use",47.2
"Connecticut","2004-2006","Over 17","Cigarette Use in the Past Month","Percent","Margins of Error",1.98
"Connecticut","2004-2006","Over 17","Cigarette Use in the Past Month","Percent","Tobacco Use",23.4
"Connecticut","2004-2006","Over 17","Tobacco Product Use in the Past Month","Percent","Margins of Error",2.05
"Connecticut","2004-2006","Over 17","Tobacco Product Use in the Past Month","Percent","Tobacco Use",27.61
"Connecticut","2004-2006","Over 25","Cigarette Use in the Past Month","Percent","Margins of Error",2.22
"Connecticut","2004-2006","Over 25","Cigarette Use in the Past Month","Percent","Tobacco Use",20.48
"Connecticut","2004-2006","Over 25","Tobacco Product Use in the Past Month","Percent","Margins of Error",2.3
"Connecticut","2004-2006","Over 25","Tobacco Product Use in the Past Month","Percent","Tobacco Use",24.62
"Connecticut","2006-2008","12-17","Cigarette Use in the Past Month","Percent","Margins of Error",1.28
"Connecticut","2006-2008","12-17","Cigarette Use in the Past Month","Percent","Tobacco Use",8.94
"Connecticut","2006-2008","12-17","Tobacco Product Use in the Past Month","Percent","Margins of Error",1.51
"Connecticut","2006-2008","12-17","Tobacco Product Use in the Past Month","Percent","Tobacco Use",11.57
"Connecticut","2006-2008","18-25","Cigarette Use in the Past Month","Percent","Margins of Error",2.85
"Connecticut","2006-2008","18-25","Cigarette Use in the Past Month","Percent","Tobacco Use",38.21
"Connecticut","2006-2008","18-25","Tobacco Product Use in the Past Month","Percent","Margins of Error",2.94
"Connecticut","2006-2008","18-25","Tobacco Product Use in the Past Month","Percent","Tobacco Use",44.64
"Connecticut","2006-2008","Over 17","Cigarette Use in the Past Month","Percent","Margins of Error",1.77
"Connecticut","2006-2008","Over 17","Cigarette Use in the Past Month","Percent","Tobacco Use",22.68
"Connecticut","2006-2008","Over 17","Tobacco Product Use in the Past Month","Percent","Margins of Error",1.9
"Connecticut","2006-2008","Over 17","Tobacco Product Use in the Past Month","Percent","Tobacco Use",27.55
"Connecticut","2006-2008","Over 25","Cigarette Use in the Past Month","Percent","Margins of Error",1.91
"Connecticut","2006-2008","Over 25","Cigarette Use in the Past Month","Percent","Tobacco Use",20.25
"Connecticut","2006-2008","Over 25","Tobacco Product Use in the Past Month","Percent","Margins of Error",2.08
"Connecticut","2006-2008","Over 25","Tobacco Product Use in the Past Month","Percent","Tobacco Use",24.88
"Connecticut","2008-2010","12-17","Cigarette Use in the Past Month","Percent","Margins of Error",1.28
"Connecticut","2008-2010","12-17","Cigarette Use in the Past Month","Percent","Tobacco Use",8.41
"Connecticut","2008-2010","12-17","Tobacco Product Use in the Past Month","Percent","Margins of Error",1.51
"Connecticut","2008-2010","12-17","Tobacco Product Use in the Past Month","Percent","Tobacco Use",10.62
"Connecticut","2008-2010","18-25","Cigarette Use in the Past Month","Percent","Margins of Error",2.66
"Connecticut","2008-2010","18-25","Cigarette Use in the Past Month","Percent","Tobacco Use",35.8
"Connecticut","2008-2010","18-25","Tobacco Product Use in the Past Month","Percent","Margins of Error",2.82
"Connecticut","2008-2010","18-25","Tobacco Product Use in the Past Month","Percent","Tobacco Use",41.22
"Connecticut","2008-2010","Over 17","Cigarette Use in the Past Month","Percent","Margins of Error",1.86
"Connecticut","2008-2010","Over 17","Cigarette Use in the Past Month","Percent","Tobacco Use",22.97
"Connecticut","2008-2010","Over 17","Tobacco Product Use in the Past Month","Percent","Margins of Error",1.99
"Connecticut","2008-2010","Over 17","Tobacco Product Use in the Past Month","Percent","Tobacco Use",26.67
"Connecticut","2008-2010","Over 25","Cigarette Use in the Past Month","Percent","Margins of Error",2.04
"Connecticut","2008-2010","Over 25","Cigarette Use in the Past Month","Percent","Tobacco Use",20.9
"Connecticut","2008-2010","Over 25","Tobacco Product Use in the Past Month","Percent","Margins of Error",2.21
"Connecticut","2008-2010","Over 25","Tobacco Product Use in the Past Month","Percent","Tobacco Use",24.33
"Connecticut","2010-2012","12-17","Cigarette Use in the Past Month","Percent","Margins of Error",1.26
"Connecticut","2010-2012","12-17","Cigarette Use in the Past Month","Percent","Tobacco Use",6.98
"Connecticut","2010-2012","12-17","Tobacco Product Use in the Past Month","Percent","Margins of Error",1.44
"Connecticut","2010-2012","12-17","Tobacco Product Use in the Past Month","Percent","Tobacco Use",9.05
"Connecticut","2010-2012","18-25","Cigarette Use in the Past Month","Percent","Margins of Error",2.74
"Connecticut","2010-2012","18-25","Cigarette Use in the Past Month","Percent","Tobacco Use",33.16
"Connecticut","2010-2012","18-25","Tobacco Product Use in the Past Month","Percent","Margins of Error",2.66
"Connecticut","2010-2012","18-25","Tobacco Product Use in the Past Month","Percent","Tobacco Use",38.12
"Connecticut","2010-2012","Over 17","Cigarette Use in the Past Month","Percent","Margins of Error",2.01
"Connecticut","2010-2012","Over 17","Cigarette Use in the Past Month","Percent","Tobacco Use",22.63
"Connecticut","2010-2012","Over 17","Tobacco Product Use in the Past Month","Percent","Margins of Error",2.13
"Connecticut","2010-2012","Over 17","Tobacco Product Use in the Past Month","Percent","Tobacco Use",26.6
"Connecticut","2010-2012","Over 25","Cigarette Use in the Past Month","Percent","Margins of Error",2.22
"Connecticut","2010-2012","Over 25","Cigarette Use in the Past Month","Percent","Tobacco Use",20.98
"Connecticut","2010-2012","Over 25","Tobacco Product Use in the Past Month","Percent","Margins of Error",2.36
"Connecticut","2010-2012","Over 25","Tobacco Product Use in the Past Month","Percent","Tobacco Use",24.8
"Connecticut","2012-2014","12-17","Cigarette Use in the Past Month","Percent","Margins of Error",0.88
"Connecticut","2012-2014","12-17","Cigarette Use in the Past Month","Percent","Tobacco Use",4.62
"Connecticut","2012-2014","12-17","Tobacco Product Use in the Past Month","Percent","Margins of Error",1.23
"Connecticut","2012-2014","12-17","Tobacco Product Use in the Past Month","Percent","Tobacco Use",6.7
"Connecticut","2012-2014","18-25","Cigarette Use in the Past Month","Percent","Margins of Error",2.72
"Connecticut","2012-2014","18-25","Cigarette Use in the Past Month","Percent","Tobacco Use",29.12
"Connecticut","2012-2014","18-25","Tobacco Product Use in the Past Month","Percent","Margins of Error",2.78
"Connecticut","2012-2014","18-25","Tobacco Product Use in the Past Month","Percent","Tobacco Use",34.82
"Connecticut","2012-2014","Over 17","Cigarette Use in the Past Month","Percent","Margins of Error",1.56
"Connecticut","2012-2014","Over 17","Cigarette Use in the Past Month","Percent","Tobacco Use",18.98
"Connecticut","2012-2014","Over 17","Tobacco Product Use in the Past Month","Percent","Margins of Error",1.83
"Connecticut","2012-2014","Over 17","Tobacco Product Use in the Past Month","Percent","Tobacco Use",23.13
"Connecticut","2012-2014","Over 25","Cigarette Use in the Past Month","Percent","Margins of Error",1.71
"Connecticut","2012-2014","Over 25","Cigarette Use in the Past Month","Percent","Tobacco Use",17.36
"Connecticut","2012-2014","Over 25","Tobacco Product Use in the Past Month","Percent","Margins of Error",2
"Connecticut","2012-2014","Over 25","Tobacco Product Use in the Past Month","Percent","Tobacco Use",21.26
"Connecticut","2014-2016","12-17","Cigarette Use in the Past Month","Percent","Margins of Error",0.76
"Connecticut","2014-2016","12-17","Cigarette Use in the Past Month","Percent","Tobacco Use",3.56
"Connecticut","2014-2016","12-17","Tobacco Product Use in the Past Month","Percent","Margins of Error",1.03
"Connecticut","2014-2016","12-17","Tobacco Product Use in the Past Month","Percent","Tobacco Use",5.58
"Connecticut","2014-2016","18-25","Cigarette Use in the Past Month","Percent","Margins of Error",2.81
"Connecticut","2014-2016","18-25","Cigarette Use in the Past Month","Percent","Tobacco Use",28.4
"Connecticut","2014-2016","18-25","Tobacco Product Use in the Past Month","Percent","Margins of Error",2.88
"Connecticut","2014-2016","18-25","Tobacco Product Use in the Past Month","Percent","Tobacco Use",35.4
"Connecticut","2014-2016","Over 17","Cigarette Use in the Past Month","Percent","Margins of Error",1.57
"Connecticut","2014-2016","Over 17","Cigarette Use in the Past Month","Percent","Tobacco Use",19.04
"Connecticut","2014-2016","Over 17","Tobacco Product Use in the Past Month","Percent","Margins of Error",1.74
"Connecticut","2014-2016","Over 17","Tobacco Product Use in the Past Month","Percent","Tobacco Use",23.87
"Connecticut","2014-2016","Over 25","Cigarette Use in the Past Month","Percent","Margins of Error",1.68
"Connecticut","2014-2016","Over 25","Cigarette Use in the Past Month","Percent","Tobacco Use",17.52
"Connecticut","2014-2016","Over 25","Tobacco Product Use in the Past Month","Percent","Margins of Error",1.88
"Connecticut","2014-2016","Over 25","Tobacco Product Use in the Past Month","Percent","Tobacco Use",22.01
"Eastern Region","2004-2006","12-17","Cigarette Use in the Past Month","Percent","Margins of Error",2.9
"Eastern Region","2004-2006","12-17","Cigarette Use in the Past Month","Percent","Tobacco Use",12.78
"Eastern Region","2004-2006","12-17","Tobacco Product Use in the Past Month","Percent","Margins of Error",3.47
"Eastern Region","2004-2006","12-17","Tobacco Product Use in the Past Month","Percent","Tobacco Use",14.86
"Eastern Region","2004-2006","18-25","Cigarette Use in the Past Month","Percent","Margins of Error",-9999
"Eastern Region","2004-2006","18-25","Cigarette Use in the Past Month","Percent","Tobacco Use",-9999
"Eastern Region","2004-2006","18-25","Tobacco Product Use in the Past Month","Percent","Margins of Error",-9999
"Eastern Region","2004-2006","18-25","Tobacco Product Use in the Past Month","Percent","Tobacco Use",-9999
"Eastern Region","2004-2006","Over 17","Cigarette Use in the Past Month","Percent","Margins of Error",3.54
"Eastern Region","2004-2006","Over 17","Cigarette Use in the Past Month","Percent","Tobacco Use",26.97
"Eastern Region","2004-2006","Over 17","Tobacco Product Use in the Past Month","Percent","Margins of Error",3.77
"Eastern Region","2004-2006","Over 17","Tobacco Product Use in the Past Month","Percent","Tobacco Use",31.24
"Eastern Region","2004-2006","Over 25","Cigarette Use in the Past Month","Percent","Margins of Error",3.86
"Eastern Region","2004-2006","Over 25","Cigarette Use in the Past Month","Percent","Tobacco Use",23.01
"Eastern Region","2004-2006","Over 25","Tobacco Product Use in the Past Month","Percent","Margins of Error",4.18
"Eastern Region","2004-2006","Over 25","Tobacco Product Use in the Past Month","Percent","Tobacco Use",27.23
"Eastern Region","2006-2008","12-17","Cigarette Use in the Past Month","Percent","Margins of Error",2.65
"Eastern Region","2006-2008","12-17","Cigarette Use in the Past Month","Percent","Tobacco Use",10.6
"Eastern Region","2006-2008","12-17","Tobacco Product Use in the Past Month","Percent","Margins of Error",2.98
"Eastern Region","2006-2008","12-17","Tobacco Product Use in the Past Month","Percent","Tobacco Use",12.19
"Eastern Region","2006-2008","18-25","Cigarette Use in the Past Month","Percent","Margins of Error",-9999
"Eastern Region","2006-2008","18-25","Cigarette Use in the Past Month","Percent","Tobacco Use",-9999
"Eastern Region","2006-2008","18-25","Tobacco Product Use in the Past Month","Percent","Margins of Error",-9999
"Eastern Region","2006-2008","18-25","Tobacco Product Use in the Past Month","Percent","Tobacco Use",-9999
"Eastern Region","2006-2008","Over 17","Cigarette Use in the Past Month","Percent","Margins of Error",3.53
"Eastern Region","2006-2008","Over 17","Cigarette Use in the Past Month","Percent","Tobacco Use",26.93
"Eastern Region","2006-2008","Over 17","Tobacco Product Use in the Past Month","Percent","Margins of Error",3.71
"Eastern Region","2006-2008","Over 17","Tobacco Product Use in the Past Month","Percent","Tobacco Use",31.67
"Eastern Region","2006-2008","Over 25","Cigarette Use in the Past Month","Percent","Margins of Error",3.63
"Eastern Region","2006-2008","Over 25","Cigarette Use in the Past Month","Percent","Tobacco Use",23.79
"Eastern Region","2006-2008","Over 25","Tobacco Product Use in the Past Month","Percent","Margins of Error",3.89
"Eastern Region","2006-2008","Over 25","Tobacco Product Use in the Past Month","Percent","Tobacco Use",28.51
"Eastern Region","2008-2010","12-17","Cigarette Use in the Past Month","Percent","Margins of Error",2.47
"Eastern Region","2008-2010","12-17","Cigarette Use in the Past Month","Percent","Tobacco Use",8.83
"Eastern Region","2008-2010","12-17","Tobacco Product Use in the Past Month","Percent","Margins of Error",2.67
"Eastern Region","2008-2010","12-17","Tobacco Product Use in the Past Month","Percent","Tobacco Use",10.28
"Eastern Region","2008-2010","18-25","Cigarette Use in the Past Month","Percent","Margins of Error",-9999
"Eastern Region","2008-2010","18-25","Cigarette Use in the Past Month","Percent","Tobacco Use",-9999
"Eastern Region","2008-2010","18-25","Tobacco Product Use in the Past Month","Percent","Margins of Error",-9999
"Eastern Region","2008-2010","18-25","Tobacco Product Use in the Past Month","Percent","Tobacco Use",-9999
"Eastern Region","2008-2010","Over 17","Cigarette Use in the Past Month","Percent","Margins of Error",3.29
"Eastern Region","2008-2010","Over 17","Cigarette Use in the Past Month","Percent","Tobacco Use",25.34
"Eastern Region","2008-2010","Over 17","Tobacco Product Use in the Past Month","Percent","Margins of Error",3.68
"Eastern Region","2008-2010","Over 17","Tobacco Product Use in the Past Month","Percent","Tobacco Use",29.07
"Eastern Region","2008-2010","Over 25","Cigarette Use in the Past Month","Percent","Margins of Error",3.37
"Eastern Region","2008-2010","Over 25","Cigarette Use in the Past Month","Percent","Tobacco Use",22.86
"Eastern Region","2008-2010","Over 25","Tobacco Product Use in the Past Month","Percent","Margins of Error",3.88
"Eastern Region","2008-2010","Over 25","Tobacco Product Use in the Past Month","Percent","Tobacco Use",26.53
"Eastern Region","2010-2012","12-17","Cigarette Use in the Past Month","Percent","Margins of Error",2.48
"Eastern Region","2010-2012","12-17","Cigarette Use in the Past Month","Percent","Tobacco Use",7.48
"Eastern Region","2010-2012","12-17","Tobacco Product Use in the Past Month","Percent","Margins of Error",2.67
"Eastern Region","2010-2012","12-17","Tobacco Product Use in the Past Month","Percent","Tobacco Use",9.26
"Eastern Region","2010-2012","18-25","Cigarette Use in the Past Month","Percent","Margins of Error",4.88
"Eastern Region","2010-2012","18-25","Cigarette Use in the Past Month","Percent","Tobacco Use",30.78
"Eastern Region","2010-2012","18-25","Tobacco Product Use in the Past Month","Percent","Margins of Error",4.61
"Eastern Region","2010-2012","18-25","Tobacco Product Use in the Past Month","Percent","Tobacco Use",35.65
"Eastern Region","2010-2012","Over 17","Cigarette Use in the Past Month","Percent","Margins of Error",3.25
"Eastern Region","2010-2012","Over 17","Cigarette Use in the Past Month","Percent","Tobacco Use",22.85
"Eastern Region","2010-2012","Over 17","Tobacco Product Use in the Past Month","Percent","Margins of Error",3.5
"Eastern Region","2010-2012","Over 17","Tobacco Product Use in the Past Month","Percent","Tobacco Use",26.87
"Eastern Region","2010-2012","Over 25","Cigarette Use in the Past Month","Percent","Margins of Error",3.55
"Eastern Region","2010-2012","Over 25","Cigarette Use in the Past Month","Percent","Tobacco Use",21.16
"Eastern Region","2010-2012","Over 25","Tobacco Product Use in the Past Month","Percent","Margins of Error",3.87
"Eastern Region","2010-2012","Over 25","Tobacco Product Use in the Past Month","Percent","Tobacco Use",24.98
"Eastern Region","2012-2014","12-17","Cigarette Use in the Past Month","Percent","Margins of Error",1.62
"Eastern Region","2012-2014","12-17","Cigarette Use in the Past Month","Percent","Tobacco Use",5.42
"Eastern Region","2012-2014","12-17","Tobacco Product Use in the Past Month","Percent","Margins of Error",2.35
"Eastern Region","2012-2014","12-17","Tobacco Product Use in the Past Month","Percent","Tobacco Use",8
"Eastern Region","2012-2014","18-25","Cigarette Use in the Past Month","Percent","Margins of Error",4.88
"Eastern Region","2012-2014","18-25","Cigarette Use in the Past Month","Percent","Tobacco Use",28.81
"Eastern Region","2012-2014","18-25","Tobacco Product Use in the Past Month","Percent","Margins of Error",4.8
"Eastern Region","2012-2014","18-25","Tobacco Product Use in the Past Month","Percent","Tobacco Use",35.9
"Eastern Region","2012-2014","Over 17","Cigarette Use in the Past Month","Percent","Margins of Error",2.89
"Eastern Region","2012-2014","Over 17","Cigarette Use in the Past Month","Percent","Tobacco Use",20.85
"Eastern Region","2012-2014","Over 17","Tobacco Product Use in the Past Month","Percent","Margins of Error",3.29
"Eastern Region","2012-2014","Over 17","Tobacco Product Use in the Past Month","Percent","Tobacco Use",25.68
"Eastern Region","2012-2014","Over 25","Cigarette Use in the Past Month","Percent","Margins of Error",3.19
"Eastern Region","2012-2014","Over 25","Cigarette Use in the Past Month","Percent","Tobacco Use",19.19
"Eastern Region","2012-2014","Over 25","Tobacco Product Use in the Past Month","Percent","Margins of Error",3.72
"Eastern Region","2012-2014","Over 25","Tobacco Product Use in the Past Month","Percent","Tobacco Use",23.54
"Eastern Region","2014-2016","12-17","Cigarette Use in the Past Month","Percent","Margins of Error",1.43
"Eastern Region","2014-2016","12-17","Cigarette Use in the Past Month","Percent","Tobacco Use",4.26
"Eastern Region","2014-2016","12-17","Tobacco Product Use in the Past Month","Percent","Margins of Error",1.82
"Eastern Region","2014-2016","12-17","Tobacco Product Use in the Past Month","Percent","Tobacco Use",6.69
"Eastern Region","2014-2016","18-25","Cigarette Use in the Past Month","Percent","Margins of Error",-9999
"Eastern Region","2014-2016","18-25","Cigarette Use in the Past Month","Percent","Tobacco Use",-9999
"Eastern Region","2014-2016","18-25","Tobacco Product Use in the Past Month","Percent","Margins of Error",-9999
"Eastern Region","2014-2016","18-25","Tobacco Product Use in the Past Month","Percent","Tobacco Use",-9999
"Eastern Region","2014-2016","Over 17","Cigarette Use in the Past Month","Percent","Margins of Error",3.28
"Eastern Region","2014-2016","Over 17","Cigarette Use in the Past Month","Percent","Tobacco Use",22.84
"Eastern Region","2014-2016","Over 17","Tobacco Product Use in the Past Month","Percent","Margins of Error",3.5
"Eastern Region","2014-2016","Over 17","Tobacco Product Use in the Past Month","Percent","Tobacco Use",28.85
"Eastern Region","2014-2016","Over 25","Cigarette Use in the Past Month","Percent","Margins of Error",3.55
"Eastern Region","2014-2016","Over 25","Cigarette Use in the Past Month","Percent","Tobacco Use",21.39
"Eastern Region","2014-2016","Over 25","Tobacco Product Use in the Past Month","Percent","Margins of Error",3.77
"Eastern Region","2014-2016","Over 25","Tobacco Product Use in the Past Month","Percent","Tobacco Use",26.88
"North Central Region","2004-2006","12-17","Cigarette Use in the Past Month","Percent","Margins of Error",2.43
"North Central Region","2004-2006","12-17","Cigarette Use in the Past Month","Percent","Tobacco Use",11.82
"North Central Region","2004-2006","12-17","Tobacco Product Use in the Past Month","Percent","Margins of Error",2.93
"North Central Region","2004-2006","12-17","Tobacco Product Use in the Past Month","Percent","Tobacco Use",14.88
"North Central Region","2004-2006","18-25","Cigarette Use in the Past Month","Percent","Margins of Error",4.48
"North Central Region","2004-2006","18-25","Cigarette Use in the Past Month","Percent","Tobacco Use",43.45
"North Central Region","2004-2006","18-25","Tobacco Product Use in the Past Month","Percent","Margins of Error",4.39
"North Central Region","2004-2006","18-25","Tobacco Product Use in the Past Month","Percent","Tobacco Use",48.74
"North Central Region","2004-2006","Over 17","Cigarette Use in the Past Month","Percent","Margins of Error",3.16
"North Central Region","2004-2006","Over 17","Cigarette Use in the Past Month","Percent","Tobacco Use",24.99
"North Central Region","2004-2006","Over 17","Tobacco Product Use in the Past Month","Percent","Margins of Error",3.22
"North Central Region","2004-2006","Over 17","Tobacco Product Use in the Past Month","Percent","Tobacco Use",29.15
"North Central Region","2004-2006","Over 25","Cigarette Use in the Past Month","Percent","Margins of Error",3.5
"North Central Region","2004-2006","Over 25","Cigarette Use in the Past Month","Percent","Tobacco Use",22.28
"North Central Region","2004-2006","Over 25","Tobacco Product Use in the Past Month","Percent","Margins of Error",3.57
"North Central Region","2004-2006","Over 25","Tobacco Product Use in the Past Month","Percent","Tobacco Use",26.27
"North Central Region","2006-2008","12-17","Cigarette Use in the Past Month","Percent","Margins of Error",2.01
"North Central Region","2006-2008","12-17","Cigarette Use in the Past Month","Percent","Tobacco Use",9.35
"North Central Region","2006-2008","12-17","Tobacco Product Use in the Past Month","Percent","Margins of Error",2.51
"North Central Region","2006-2008","12-17","Tobacco Product Use in the Past Month","Percent","Tobacco Use",11.95
"North Central Region","2006-2008","18-25","Cigarette Use in the Past Month","Percent","Margins of Error",4.68
"North Central Region","2006-2008","18-25","Cigarette Use in the Past Month","Percent","Tobacco Use",41.93
"North Central Region","2006-2008","18-25","Tobacco Product Use in the Past Month","Percent","Margins of Error",4.79
"North Central Region","2006-2008","18-25","Tobacco Product Use in the Past Month","Percent","Tobacco Use",48.78
"North Central Region","2006-2008","Over 17","Cigarette Use in the Past Month","Percent","Margins of Error",2.61
"North Central Region","2006-2008","Over 17","Cigarette Use in the Past Month","Percent","Tobacco Use",23.6
"North Central Region","2006-2008","Over 17","Tobacco Product Use in the Past Month","Percent","Margins of Error",2.96
"North Central Region","2006-2008","Over 17","Tobacco Product Use in the Past Month","Percent","Tobacco Use",27.96
"North Central Region","2006-2008","Over 25","Cigarette Use in the Past Month","Percent","Margins of Error",2.75
"North Central Region","2006-2008","Over 25","Cigarette Use in the Past Month","Percent","Tobacco Use",20.81
"North Central Region","2006-2008","Over 25","Tobacco Product Use in the Past Month","Percent","Margins of Error",3.19
"North Central Region","2006-2008","Over 25","Tobacco Product Use in the Past Month","Percent","Tobacco Use",24.79
"North Central Region","2008-2010","12-17","Cigarette Use in the Past Month","Percent","Margins of Error",1.9
"North Central Region","2008-2010","12-17","Cigarette Use in the Past Month","Percent","Tobacco Use",8.69
"North Central Region","2008-2010","12-17","Tobacco Product Use in the Past Month","Percent","Margins of Error",2.11
"North Central Region","2008-2010","12-17","Tobacco Product Use in the Past Month","Percent","Tobacco Use",10.5
"North Central Region","2008-2010","18-25","Cigarette Use in the Past Month","Percent","Margins of Error",4.37
"North Central Region","2008-2010","18-25","Cigarette Use in the Past Month","Percent","Tobacco Use",35.89
"North Central Region","2008-2010","18-25","Tobacco Product Use in the Past Month","Percent","Margins of Error",4.62
"North Central Region","2008-2010","18-25","Tobacco Product Use in the Past Month","Percent","Tobacco Use",41.08
"North Central Region","2008-2010","Over 17","Cigarette Use in the Past Month","Percent","Margins of Error",2.8
"North Central Region","2008-2010","Over 17","Cigarette Use in the Past Month","Percent","Tobacco Use",23.72
"North Central Region","2008-2010","Over 17","Tobacco Product Use in the Past Month","Percent","Margins of Error",2.96
"North Central Region","2008-2010","Over 17","Tobacco Product Use in the Past Month","Percent","Tobacco Use",26.94
"North Central Region","2008-2010","Over 25","Cigarette Use in the Past Month","Percent","Margins of Error",3.01
"North Central Region","2008-2010","Over 25","Cigarette Use in the Past Month","Percent","Tobacco Use",21.82
"North Central Region","2008-2010","Over 25","Tobacco Product Use in the Past Month","Percent","Margins of Error",3.18
"North Central Region","2008-2010","Over 25","Tobacco Product Use in the Past Month","Percent","Tobacco Use",24.73
"North Central Region","2010-2012","12-17","Cigarette Use in the Past Month","Percent","Margins of Error",1.88
"North Central Region","2010-2012","12-17","Cigarette Use in the Past Month","Percent","Tobacco Use",6.7
"North Central Region","2010-2012","12-17","Tobacco Product Use in the Past Month","Percent","Margins of Error",2.1
"North Central Region","2010-2012","12-17","Tobacco Product Use in the Past Month","Percent","Tobacco Use",8.44
"North Central Region","2010-2012","18-25","Cigarette Use in the Past Month","Percent","Margins of Error",4.53
"North Central Region","2010-2012","18-25","Cigarette Use in the Past Month","Percent","Tobacco Use",34.08
"North Central Region","2010-2012","18-25","Tobacco Product Use in the Past Month","Percent","Margins of Error",4.42
"North Central Region","2010-2012","18-25","Tobacco Product Use in the Past Month","Percent","Tobacco Use",39.15
"North Central Region","2010-2012","Over 17","Cigarette Use in the Past Month","Percent","Margins of Error",3.08
"North Central Region","2010-2012","Over 17","Cigarette Use in the Past Month","Percent","Tobacco Use",24.5
"North Central Region","2010-2012","Over 17","Tobacco Product Use in the Past Month","Percent","Margins of Error",3.26
"North Central Region","2010-2012","Over 17","Tobacco Product Use in the Past Month","Percent","Tobacco Use",27.44
"North Central Region","2010-2012","Over 25","Cigarette Use in the Past Month","Percent","Margins of Error",3.33
"North Central Region","2010-2012","Over 25","Cigarette Use in the Past Month","Percent","Tobacco Use",23.06
"North Central Region","2010-2012","Over 25","Tobacco Product Use in the Past Month","Percent","Margins of Error",3.55
"North Central Region","2010-2012","Over 25","Tobacco Product Use in the Past Month","Percent","Tobacco Use",25.69
"North Central Region","2012-2014","12-17","Cigarette Use in the Past Month","Percent","Margins of Error",1.31
"North Central Region","2012-2014","12-17","Cigarette Use in the Past Month","Percent","Tobacco Use",4.75
"North Central Region","2012-2014","12-17","Tobacco Product Use in the Past Month","Percent","Margins of Error",1.81
"North Central Region","2012-2014","12-17","Tobacco Product Use in the Past Month","Percent","Tobacco Use",6.6
"North Central Region","2012-2014","18-25","Cigarette Use in the Past Month","Percent","Margins of Error",4.83
"North Central Region","2012-2014","18-25","Cigarette Use in the Past Month","Percent","Tobacco Use",32.66
"North Central Region","2012-2014","18-25","Tobacco Product Use in the Past Month","Percent","Margins of Error",4.61
"North Central Region","2012-2014","18-25","Tobacco Product Use in the Past Month","Percent","Tobacco Use",38.32
"North Central Region","2012-2014","Over 17","Cigarette Use in the Past Month","Percent","Margins of Error",2.61
"North Central Region","2012-2014","Over 17","Cigarette Use in the Past Month","Percent","Tobacco Use",19.94
"North Central Region","2012-2014","Over 17","Tobacco Product Use in the Past Month","Percent","Margins of Error",2.85
"North Central Region","2012-2014","Over 17","Tobacco Product Use in the Past Month","Percent","Tobacco Use",23.34
"North Central Region","2012-2014","Over 25","Cigarette Use in the Past Month","Percent","Margins of Error",2.83
"North Central Region","2012-2014","Over 25","Cigarette Use in the Past Month","Percent","Tobacco Use",17.99
"North Central Region","2012-2014","Over 25","Tobacco Product Use in the Past Month","Percent","Margins of Error",3.11
"North Central Region","2012-2014","Over 25","Tobacco Product Use in the Past Month","Percent","Tobacco Use",21.04
"North Central Region","2014-2016","12-17","Cigarette Use in the Past Month","Percent","Margins of Error",1.02
"North Central Region","2014-2016","12-17","Cigarette Use in the Past Month","Percent","Tobacco Use",3.06
"North Central Region","2014-2016","12-17","Tobacco Product Use in the Past Month","Percent","Margins of Error",1.4
"North Central Region","2014-2016","12-17","Tobacco Product Use in the Past Month","Percent","Tobacco Use",5.27
"North Central Region","2014-2016","18-25","Cigarette Use in the Past Month","Percent","Margins of Error",4.92
"North Central Region","2014-2016","18-25","Cigarette Use in the Past Month","Percent","Tobacco Use",31.67
"North Central Region","2014-2016","18-25","Tobacco Product Use in the Past Month","Percent","Margins of Error",4.86
"North Central Region","2014-2016","18-25","Tobacco Product Use in the Past Month","Percent","Tobacco Use",39.61
"North Central Region","2014-2016","Over 17","Cigarette Use in the Past Month","Percent","Margins of Error",2.47
"North Central Region","2014-2016","Over 17","Cigarette Use in the Past Month","Percent","Tobacco Use",19.04
"North Central Region","2014-2016","Over 17","Tobacco Product Use in the Past Month","Percent","Margins of Error",2.61
"North Central Region","2014-2016","Over 17","Tobacco Product Use in the Past Month","Percent","Tobacco Use",24.15
"North Central Region","2014-2016","Over 25","Cigarette Use in the Past Month","Percent","Margins of Error",2.63
"North Central Region","2014-2016","Over 25","Cigarette Use in the Past Month","Percent","Tobacco Use",17.08
"North Central Region","2014-2016","Over 25","Tobacco Product Use in the Past Month","Percent","Margins of Error",2.8
"North Central Region","2014-2016","Over 25","Tobacco Product Use in the Past Month","Percent","Tobacco Use",21.76
"Northeast","2004-2006","12-17","Cigarette Use in the Past Month","Percent","Margins of Error",0.5
"Northeast","2004-2006","12-17","Cigarette Use in the Past Month","Percent","Tobacco Use",11.22
"Northeast","2004-2006","12-17","Tobacco Product Use in the Past Month","Percent","Margins of Error",0.62
"Northeast","2004-2006","12-17","Tobacco Product Use in the Past Month","Percent","Tobacco Use",13.69
"Northeast","2004-2006","18-25","Cigarette Use in the Past Month","Percent","Margins of Error",0.87
"Northeast","2004-2006","18-25","Cigarette Use in the Past Month","Percent","Tobacco Use",39.91
"Northeast","2004-2006","18-25","Tobacco Product Use in the Past Month","Percent","Margins of Error",0.89
"Northeast","2004-2006","18-25","Tobacco Product Use in the Past Month","Percent","Tobacco Use",44.85
"Northeast","2004-2006","Over 17","Cigarette Use in the Past Month","Percent","Margins of Error",0.7
"Northeast","2004-2006","Over 17","Cigarette Use in the Past Month","Percent","Tobacco Use",25.66
"Northeast","2004-2006","Over 17","Tobacco Product Use in the Past Month","Percent","Margins of Error",0.73
"Northeast","2004-2006","Over 17","Tobacco Product Use in the Past Month","Percent","Tobacco Use",29.82
"Northeast","2004-2006","Over 25","Cigarette Use in the Past Month","Percent","Margins of Error",0.81
"Northeast","2004-2006","Over 25","Cigarette Use in the Past Month","Percent","Tobacco Use",23.34
"Northeast","2004-2006","Over 25","Tobacco Product Use in the Past Month","Percent","Margins of Error",0.83
"Northeast","2004-2006","Over 25","Tobacco Product Use in the Past Month","Percent","Tobacco Use",27.37
"Northeast","2006-2008","12-17","Cigarette Use in the Past Month","Percent","Margins of Error",0.45
"Northeast","2006-2008","12-17","Cigarette Use in the Past Month","Percent","Tobacco Use",9.49
"Northeast","2006-2008","12-17","Tobacco Product Use in the Past Month","Percent","Margins of Error",0.53
"Northeast","2006-2008","12-17","Tobacco Product Use in the Past Month","Percent","Tobacco Use",12.03
"Northeast","2006-2008","18-25","Cigarette Use in the Past Month","Percent","Margins of Error",1.1
"Northeast","2006-2008","18-25","Cigarette Use in the Past Month","Percent","Tobacco Use",36.29
"Northeast","2006-2008","18-25","Tobacco Product Use in the Past Month","Percent","Margins of Error",1.07
"Northeast","2006-2008","18-25","Tobacco Product Use in the Past Month","Percent","Tobacco Use",42.07
"Northeast","2006-2008","Over 17","Cigarette Use in the Past Month","Percent","Margins of Error",0.64
"Northeast","2006-2008","Over 17","Cigarette Use in the Past Month","Percent","Tobacco Use",24.43
"Northeast","2006-2008","Over 17","Tobacco Product Use in the Past Month","Percent","Margins of Error",0.64
"Northeast","2006-2008","Over 17","Tobacco Product Use in the Past Month","Percent","Tobacco Use",28.7
"Northeast","2006-2008","Over 25","Cigarette Use in the Past Month","Percent","Margins of Error",0.74
"Northeast","2006-2008","Over 25","Cigarette Use in the Past Month","Percent","Tobacco Use",22.45
"Northeast","2006-2008","Over 25","Tobacco Product Use in the Past Month","Percent","Margins of Error",0.74
"Northeast","2006-2008","Over 25","Tobacco Product Use in the Past Month","Percent","Tobacco Use",26.47
"Northeast","2008-2010","12-17","Cigarette Use in the Past Month","Percent","Margins of Error",0.44
"Northeast","2008-2010","12-17","Cigarette Use in the Past Month","Percent","Tobacco Use",8.57
"Northeast","2008-2010","12-17","Tobacco Product Use in the Past Month","Percent","Margins of Error",0.52
"Northeast","2008-2010","12-17","Tobacco Product Use in the Past Month","Percent","Tobacco Use",10.99
"Northeast","2008-2010","18-25","Cigarette Use in the Past Month","Percent","Margins of Error",0.94
"Northeast","2008-2010","18-25","Cigarette Use in the Past Month","Percent","Tobacco Use",35.54
"Northeast","2008-2010","18-25","Tobacco Product Use in the Past Month","Percent","Margins of Error",0.98
"Northeast","2008-2010","18-25","Tobacco Product Use in the Past Month","Percent","Tobacco Use",41.18
"Northeast","2008-2010","Over 17","Cigarette Use in the Past Month","Percent","Margins of Error",0.65
"Northeast","2008-2010","Over 17","Cigarette Use in the Past Month","Percent","Tobacco Use",23.66
"Northeast","2008-2010","Over 17","Tobacco Product Use in the Past Month","Percent","Margins of Error",0.7
"Northeast","2008-2010","Over 17","Tobacco Product Use in the Past Month","Percent","Tobacco Use",27.92
"Northeast","2008-2010","Over 25","Cigarette Use in the Past Month","Percent","Margins of Error",0.79
"Northeast","2008-2010","Over 25","Cigarette Use in the Past Month","Percent","Tobacco Use",21.67
"Northeast","2008-2010","Over 25","Tobacco Product Use in the Past Month","Percent","Margins of Error",0.83
"Northeast","2008-2010","Over 25","Tobacco Product Use in the Past Month","Percent","Tobacco Use",25.69
"Northeast","2010-2012","12-17","Cigarette Use in the Past Month","Percent","Margins of Error",0.39
"Northeast","2010-2012","12-17","Cigarette Use in the Past Month","Percent","Tobacco Use",7.4
"Northeast","2010-2012","12-17","Tobacco Product Use in the Past Month","Percent","Margins of Error",0.5
"Northeast","2010-2012","12-17","Tobacco Product Use in the Past Month","Percent","Tobacco Use",9.8
"Northeast","2010-2012","18-25","Cigarette Use in the Past Month","Percent","Margins of Error",0.88
"Northeast","2010-2012","18-25","Cigarette Use in the Past Month","Percent","Tobacco Use",32.73
"Northeast","2010-2012","18-25","Tobacco Product Use in the Past Month","Percent","Margins of Error",0.92
"Northeast","2010-2012","18-25","Tobacco Product Use in the Past Month","Percent","Tobacco Use",38.55
"Northeast","2010-2012","Over 17","Cigarette Use in the Past Month","Percent","Margins of Error",0.67
"Northeast","2010-2012","Over 17","Cigarette Use in the Past Month","Percent","Tobacco Use",23.01
"Northeast","2010-2012","Over 17","Tobacco Product Use in the Past Month","Percent","Margins of Error",0.7
"Northeast","2010-2012","Over 17","Tobacco Product Use in the Past Month","Percent","Tobacco Use",27.35
"Northeast","2010-2012","Over 25","Cigarette Use in the Past Month","Percent","Margins of Error",0.79
"Northeast","2010-2012","Over 25","Cigarette Use in the Past Month","Percent","Tobacco Use",21.38
"Northeast","2010-2012","Over 25","Tobacco Product Use in the Past Month","Percent","Margins of Error",0.81
"Northeast","2010-2012","Over 25","Tobacco Product Use in the Past Month","Percent","Tobacco Use",25.47
"Northeast","2012-2014","12-17","Cigarette Use in the Past Month","Percent","Margins of Error",0.36
"Northeast","2012-2014","12-17","Cigarette Use in the Past Month","Percent","Tobacco Use",5.43
"Northeast","2012-2014","12-17","Tobacco Product Use in the Past Month","Percent","Margins of Error",0.43
"Northeast","2012-2014","12-17","Tobacco Product Use in the Past Month","Percent","Tobacco Use",7.53
"Northeast","2012-2014","18-25","Cigarette Use in the Past Month","Percent","Margins of Error",0.92
"Northeast","2012-2014","18-25","Cigarette Use in the Past Month","Percent","Tobacco Use",29.52
"Northeast","2012-2014","18-25","Tobacco Product Use in the Past Month","Percent","Margins of Error",0.95
"Northeast","2012-2014","18-25","Tobacco Product Use in the Past Month","Percent","Tobacco Use",35.66
"Northeast","2012-2014","Over 17","Cigarette Use in the Past Month","Percent","Margins of Error",0.59
"Northeast","2012-2014","Over 17","Cigarette Use in the Past Month","Percent","Tobacco Use",21.53
"Northeast","2012-2014","Over 17","Tobacco Product Use in the Past Month","Percent","Margins of Error",0.64
"Northeast","2012-2014","Over 17","Tobacco Product Use in the Past Month","Percent","Tobacco Use",25.95
"Northeast","2012-2014","Over 25","Cigarette Use in the Past Month","Percent","Margins of Error",0.7
"Northeast","2012-2014","Over 25","Cigarette Use in the Past Month","Percent","Tobacco Use",20.2
"Northeast","2012-2014","Over 25","Tobacco Product Use in the Past Month","Percent","Margins of Error",0.74
"Northeast","2012-2014","Over 25","Tobacco Product Use in the Past Month","Percent","Tobacco Use",24.34
"Northeast","2014-2016","12-17","Cigarette Use in the Past Month","Percent","Margins of Error",0.3
"Northeast","2014-2016","12-17","Cigarette Use in the Past Month","Percent","Tobacco Use",3.7
"Northeast","2014-2016","12-17","Tobacco Product Use in the Past Month","Percent","Margins of Error",0.4
"Northeast","2014-2016","12-17","Tobacco Product Use in the Past Month","Percent","Tobacco Use",5.64
"Northeast","2014-2016","18-25","Cigarette Use in the Past Month","Percent","Margins of Error",0.86
"Northeast","2014-2016","18-25","Cigarette Use in the Past Month","Percent","Tobacco Use",25.71
"Northeast","2014-2016","18-25","Tobacco Product Use in the Past Month","Percent","Margins of Error",0.92
"Northeast","2014-2016","18-25","Tobacco Product Use in the Past Month","Percent","Tobacco Use",32.3
"Northeast","2014-2016","Over 17","Cigarette Use in the Past Month","Percent","Margins of Error",0.6
"Northeast","2014-2016","Over 17","Cigarette Use in the Past Month","Percent","Tobacco Use",20.49
"Northeast","2014-2016","Over 17","Tobacco Product Use in the Past Month","Percent","Margins of Error",0.6
"Northeast","2014-2016","Over 17","Tobacco Product Use in the Past Month","Percent","Tobacco Use",24.84
"Northeast","2014-2016","Over 25","Cigarette Use in the Past Month","Percent","Margins of Error",0.69
"Northeast","2014-2016","Over 25","Cigarette Use in the Past Month","Percent","Tobacco Use",19.64
"Northeast","2014-2016","Over 25","Tobacco Product Use in the Past Month","Percent","Margins of Error",0.68
"Northeast","2014-2016","Over 25","Tobacco Product Use in the Past Month","Percent","Tobacco Use",23.63
"Northwestern Region","2004-2006","12-17","Cigarette Use in the Past Month","Percent","Margins of Error",2.71
"Northwestern Region","2004-2006","12-17","Cigarette Use in the Past Month","Percent","Tobacco Use",12.8
"Northwestern Region","2004-2006","12-17","Tobacco Product Use in the Past Month","Percent","Margins of Error",3.26
"Northwestern Region","2004-2006","12-17","Tobacco Product Use in the Past Month","Percent","Tobacco Use",15.16
"Northwestern Region","2004-2006","18-25","Cigarette Use in the Past Month","Percent","Margins of Error",4.81
"Northwestern Region","2004-2006","18-25","Cigarette Use in the Past Month","Percent","Tobacco Use",42.42
"Northwestern Region","2004-2006","18-25","Tobacco Product Use in the Past Month","Percent","Margins of Error",5.06
"Northwestern Region","2004-2006","18-25","Tobacco Product Use in the Past Month","Percent","Tobacco Use",46.86
"Northwestern Region","2004-2006","Over 17","Cigarette Use in the Past Month","Percent","Margins of Error",3.08
"Northwestern Region","2004-2006","Over 17","Cigarette Use in the Past Month","Percent","Tobacco Use",22.95
"Northwestern Region","2004-2006","Over 17","Tobacco Product Use in the Past Month","Percent","Margins of Error",3.46
"Northwestern Region","2004-2006","Over 17","Tobacco Product Use in the Past Month","Percent","Tobacco Use",27.56
"Northwestern Region","2004-2006","Over 25","Cigarette Use in the Past Month","Percent","Margins of Error",3.38
"Northwestern Region","2004-2006","Over 25","Cigarette Use in the Past Month","Percent","Tobacco Use",20.26
"Northwestern Region","2004-2006","Over 25","Tobacco Product Use in the Past Month","Percent","Margins of Error",3.76
"Northwestern Region","2004-2006","Over 25","Tobacco Product Use in the Past Month","Percent","Tobacco Use",24.89
"Northwestern Region","2006-2008","12-17","Cigarette Use in the Past Month","Percent","Margins of Error",2.2
"Northwestern Region","2006-2008","12-17","Cigarette Use in the Past Month","Percent","Tobacco Use",8.74
"Northwestern Region","2006-2008","12-17","Tobacco Product Use in the Past Month","Percent","Margins of Error",2.47
"Northwestern Region","2006-2008","12-17","Tobacco Product Use in the Past Month","Percent","Tobacco Use",10.91
"Northwestern Region","2006-2008","18-25","Cigarette Use in the Past Month","Percent","Margins of Error",5.16
"Northwestern Region","2006-2008","18-25","Cigarette Use in the Past Month","Percent","Tobacco Use",35.73
"Northwestern Region","2006-2008","18-25","Tobacco Product Use in the Past Month","Percent","Margins of Error",5.14
"Northwestern Region","2006-2008","18-25","Tobacco Product Use in the Past Month","Percent","Tobacco Use",42.21
"Northwestern Region","2006-2008","Over 17","Cigarette Use in the Past Month","Percent","Margins of Error",2.96
"Northwestern Region","2006-2008","Over 17","Cigarette Use in the Past Month","Percent","Tobacco Use",21.39
"Northwestern Region","2006-2008","Over 17","Tobacco Product Use in the Past Month","Percent","Margins of Error",3.22
"Northwestern Region","2006-2008","Over 17","Tobacco Product Use in the Past Month","Percent","Tobacco Use",26.56
"Northwestern Region","2006-2008","Over 25","Cigarette Use in the Past Month","Percent","Margins of Error",3.07
"Northwestern Region","2006-2008","Over 25","Cigarette Use in the Past Month","Percent","Tobacco Use",19.32
"Northwestern Region","2006-2008","Over 25","Tobacco Product Use in the Past Month","Percent","Margins of Error",3.42
"Northwestern Region","2006-2008","Over 25","Tobacco Product Use in the Past Month","Percent","Tobacco Use",24.31
"Northwestern Region","2008-2010","12-17","Cigarette Use in the Past Month","Percent","Margins of Error",2.2
"Northwestern Region","2008-2010","12-17","Cigarette Use in the Past Month","Percent","Tobacco Use",9.19
"Northwestern Region","2008-2010","12-17","Tobacco Product Use in the Past Month","Percent","Margins of Error",2.68
"Northwestern Region","2008-2010","12-17","Tobacco Product Use in the Past Month","Percent","Tobacco Use",11.54
"Northwestern Region","2008-2010","18-25","Cigarette Use in the Past Month","Percent","Margins of Error",5.04
"Northwestern Region","2008-2010","18-25","Cigarette Use in the Past Month","Percent","Tobacco Use",37.43
"Northwestern Region","2008-2010","18-25","Tobacco Product Use in the Past Month","Percent","Margins of Error",5.16
"Northwestern Region","2008-2010","18-25","Tobacco Product Use in the Past Month","Percent","Tobacco Use",44.02
"Northwestern Region","2008-2010","Over 17","Cigarette Use in the Past Month","Percent","Margins of Error",2.88
"Northwestern Region","2008-2010","Over 17","Cigarette Use in the Past Month","Percent","Tobacco Use",22.53
"Northwestern Region","2008-2010","Over 17","Tobacco Product Use in the Past Month","Percent","Margins of Error",3.15
"Northwestern Region","2008-2010","Over 17","Tobacco Product Use in the Past Month","Percent","Tobacco Use",26.37
"Northwestern Region","2008-2010","Over 25","Cigarette Use in the Past Month","Percent","Margins of Error",3.03
"Northwestern Region","2008-2010","Over 25","Cigarette Use in the Past Month","Percent","Tobacco Use",20.3
"Northwestern Region","2008-2010","Over 25","Tobacco Product Use in the Past Month","Percent","Margins of Error",3.36
"Northwestern Region","2008-2010","Over 25","Tobacco Product Use in the Past Month","Percent","Tobacco Use",23.73
"Northwestern Region","2010-2012","12-17","Cigarette Use in the Past Month","Percent","Margins of Error",2.48
"Northwestern Region","2010-2012","12-17","Cigarette Use in the Past Month","Percent","Tobacco Use",8.14
"Northwestern Region","2010-2012","12-17","Tobacco Product Use in the Past Month","Percent","Margins of Error",2.58
"Northwestern Region","2010-2012","12-17","Tobacco Product Use in the Past Month","Percent","Tobacco Use",9.95
"Northwestern Region","2010-2012","18-25","Cigarette Use in the Past Month","Percent","Margins of Error",-9999
"Northwestern Region","2010-2012","18-25","Cigarette Use in the Past Month","Percent","Tobacco Use",-9999
"Northwestern Region","2010-2012","18-25","Tobacco Product Use in the Past Month","Percent","Margins of Error",-9999
"Northwestern Region","2010-2012","18-25","Tobacco Product Use in the Past Month","Percent","Tobacco Use",-9999
"Northwestern Region","2010-2012","Over 17","Cigarette Use in the Past Month","Percent","Margins of Error",3.32
"Northwestern Region","2010-2012","Over 17","Cigarette Use in the Past Month","Percent","Tobacco Use",22.86
"Northwestern Region","2010-2012","Over 17","Tobacco Product Use in the Past Month","Percent","Margins of Error",3.61
"Northwestern Region","2010-2012","Over 17","Tobacco Product Use in the Past Month","Percent","Tobacco Use",26.55
"Northwestern Region","2010-2012","Over 25","Cigarette Use in the Past Month","Percent","Margins of Error",3.46
"Northwestern Region","2010-2012","Over 25","Cigarette Use in the Past Month","Percent","Tobacco Use",20.91
"Northwestern Region","2010-2012","Over 25","Tobacco Product Use in the Past Month","Percent","Margins of Error",3.81
"Northwestern Region","2010-2012","Over 25","Tobacco Product Use in the Past Month","Percent","Tobacco Use",24.63
"Northwestern Region","2012-2014","12-17","Cigarette Use in the Past Month","Percent","Margins of Error",1.31
"Northwestern Region","2012-2014","12-17","Cigarette Use in the Past Month","Percent","Tobacco Use",4.49
"Northwestern Region","2012-2014","12-17","Tobacco Product Use in the Past Month","Percent","Margins of Error",2
"Northwestern Region","2012-2014","12-17","Tobacco Product Use in the Past Month","Percent","Tobacco Use",6.53
"Northwestern Region","2012-2014","18-25","Cigarette Use in the Past Month","Percent","Margins of Error",-9999
"Northwestern Region","2012-2014","18-25","Cigarette Use in the Past Month","Percent","Tobacco Use",-9999
"Northwestern Region","2012-2014","18-25","Tobacco Product Use in the Past Month","Percent","Margins of Error",5.13
"Northwestern Region","2012-2014","18-25","Tobacco Product Use in the Past Month","Percent","Tobacco Use",32.74
"Northwestern Region","2012-2014","Over 17","Cigarette Use in the Past Month","Percent","Margins of Error",2.65
"Northwestern Region","2012-2014","Over 17","Cigarette Use in the Past Month","Percent","Tobacco Use",17.83
"Northwestern Region","2012-2014","Over 17","Tobacco Product Use in the Past Month","Percent","Margins of Error",3.02
"Northwestern Region","2012-2014","Over 17","Tobacco Product Use in the Past Month","Percent","Tobacco Use",21.69
"Northwestern Region","2012-2014","Over 25","Cigarette Use in the Past Month","Percent","Margins of Error",2.83
"Northwestern Region","2012-2014","Over 25","Cigarette Use in the Past Month","Percent","Tobacco Use",16.44
"Northwestern Region","2012-2014","Over 25","Tobacco Product Use in the Past Month","Percent","Margins of Error",3.27
"Northwestern Region","2012-2014","Over 25","Tobacco Product Use in the Past Month","Percent","Tobacco Use",20.15
"Northwestern Region","2014-2016","12-17","Cigarette Use in the Past Month","Percent","Margins of Error",1.22
"Northwestern Region","2014-2016","12-17","Cigarette Use in the Past Month","Percent","Tobacco Use",3.93
"Northwestern Region","2014-2016","12-17","Tobacco Product Use in the Past Month","Percent","Margins of Error",1.54
"Northwestern Region","2014-2016","12-17","Tobacco Product Use in the Past Month","Percent","Tobacco Use",5.89
"Northwestern Region","2014-2016","18-25","Cigarette Use in the Past Month","Percent","Margins of Error",5.15
"Northwestern Region","2014-2016","18-25","Cigarette Use in the Past Month","Percent","Tobacco Use",28.77
"Northwestern Region","2014-2016","18-25","Tobacco Product Use in the Past Month","Percent","Margins of Error",5.11
"Northwestern Region","2014-2016","18-25","Tobacco Product Use in the Past Month","Percent","Tobacco Use",35.18
"Northwestern Region","2014-2016","Over 17","Cigarette Use in the Past Month","Percent","Margins of Error",2.68
"Northwestern Region","2014-2016","Over 17","Cigarette Use in the Past Month","Percent","Tobacco Use",18.92
"Northwestern Region","2014-2016","Over 17","Tobacco Product Use in the Past Month","Percent","Margins of Error",2.93
"Northwestern Region","2014-2016","Over 17","Tobacco Product Use in the Past Month","Percent","Tobacco Use",23.59
"Northwestern Region","2014-2016","Over 25","Cigarette Use in the Past Month","Percent","Margins of Error",2.83
"Northwestern Region","2014-2016","Over 25","Cigarette Use in the Past Month","Percent","Tobacco Use",17.49
"Northwestern Region","2014-2016","Over 25","Tobacco Product Use in the Past Month","Percent","Margins of Error",3.12
"Northwestern Region","2014-2016","Over 25","Tobacco Product Use in the Past Month","Percent","Tobacco Use",21.91
"South Central Region","2004-2006","12-17","Cigarette Use in the Past Month","Percent","Margins of Error",2.35
"South Central Region","2004-2006","12-17","Cigarette Use in the Past Month","Percent","Tobacco Use",11.69
"South Central Region","2004-2006","12-17","Tobacco Product Use in the Past Month","Percent","Margins of Error",2.98
"South Central Region","2004-2006","12-17","Tobacco Product Use in the Past Month","Percent","Tobacco Use",15.1
"South Central Region","2004-2006","18-25","Cigarette Use in the Past Month","Percent","Margins of Error",4.81
"South Central Region","2004-2006","18-25","Cigarette Use in the Past Month","Percent","Tobacco Use",40.16
"South Central Region","2004-2006","18-25","Tobacco Product Use in the Past Month","Percent","Margins of Error",4.87
"South Central Region","2004-2006","18-25","Tobacco Product Use in the Past Month","Percent","Tobacco Use",44.99
"South Central Region","2004-2006","Over 17","Cigarette Use in the Past Month","Percent","Margins of Error",2.83
"South Central Region","2004-2006","Over 17","Cigarette Use in the Past Month","Percent","Tobacco Use",21.82
"South Central Region","2004-2006","Over 17","Tobacco Product Use in the Past Month","Percent","Margins of Error",3.02
"South Central Region","2004-2006","Over 17","Tobacco Product Use in the Past Month","Percent","Tobacco Use",26.35
"South Central Region","2004-2006","Over 25","Cigarette Use in the Past Month","Percent","Margins of Error",3.07
"South Central Region","2004-2006","Over 25","Cigarette Use in the Past Month","Percent","Tobacco Use",18.9
"South Central Region","2004-2006","Over 25","Tobacco Product Use in the Past Month","Percent","Margins of Error",3.3
"South Central Region","2004-2006","Over 25","Tobacco Product Use in the Past Month","Percent","Tobacco Use",23.37
"South Central Region","2006-2008","12-17","Cigarette Use in the Past Month","Percent","Margins of Error",2.05
"South Central Region","2006-2008","12-17","Cigarette Use in the Past Month","Percent","Tobacco Use",8.87
"South Central Region","2006-2008","12-17","Tobacco Product Use in the Past Month","Percent","Margins of Error",2.52
"South Central Region","2006-2008","12-17","Tobacco Product Use in the Past Month","Percent","Tobacco Use",11.9
"South Central Region","2006-2008","18-25","Cigarette Use in the Past Month","Percent","Margins of Error",4.55
"South Central Region","2006-2008","18-25","Cigarette Use in the Past Month","Percent","Tobacco Use",33.76
"South Central Region","2006-2008","18-25","Tobacco Product Use in the Past Month","Percent","Margins of Error",4.81
"South Central Region","2006-2008","18-25","Tobacco Product Use in the Past Month","Percent","Tobacco Use",40.89
"South Central Region","2006-2008","Over 17","Cigarette Use in the Past Month","Percent","Margins of Error",2.61
"South Central Region","2006-2008","Over 17","Cigarette Use in the Past Month","Percent","Tobacco Use",21.62
"South Central Region","2006-2008","Over 17","Tobacco Product Use in the Past Month","Percent","Margins of Error",2.95
"South Central Region","2006-2008","Over 17","Tobacco Product Use in the Past Month","Percent","Tobacco Use",27.47
"South Central Region","2006-2008","Over 25","Cigarette Use in the Past Month","Percent","Margins of Error",2.75
"South Central Region","2006-2008","Over 25","Cigarette Use in the Past Month","Percent","Tobacco Use",19.66
"South Central Region","2006-2008","Over 25","Tobacco Product Use in the Past Month","Percent","Margins of Error",3.15
"South Central Region","2006-2008","Over 25","Tobacco Product Use in the Past Month","Percent","Tobacco Use",25.31
"South Central Region","2008-2010","12-17","Cigarette Use in the Past Month","Percent","Margins of Error",2.14
"South Central Region","2008-2010","12-17","Cigarette Use in the Past Month","Percent","Tobacco Use",8.77
"South Central Region","2008-2010","12-17","Tobacco Product Use in the Past Month","Percent","Margins of Error",2.49
"South Central Region","2008-2010","12-17","Tobacco Product Use in the Past Month","Percent","Tobacco Use",11.32
"South Central Region","2008-2010","18-25","Cigarette Use in the Past Month","Percent","Margins of Error",4.46
"South Central Region","2008-2010","18-25","Cigarette Use in the Past Month","Percent","Tobacco Use",34.05
"South Central Region","2008-2010","18-25","Tobacco Product Use in the Past Month","Percent","Margins of Error",4.51
"South Central Region","2008-2010","18-25","Tobacco Product Use in the Past Month","Percent","Tobacco Use",40.19
"South Central Region","2008-2010","Over 17","Cigarette Use in the Past Month","Percent","Margins of Error",2.85
"South Central Region","2008-2010","Over 17","Cigarette Use in the Past Month","Percent","Tobacco Use",22.65
"South Central Region","2008-2010","Over 17","Tobacco Product Use in the Past Month","Percent","Margins of Error",3.05
"South Central Region","2008-2010","Over 17","Tobacco Product Use in the Past Month","Percent","Tobacco Use",27.15
"South Central Region","2008-2010","Over 25","Cigarette Use in the Past Month","Percent","Margins of Error",3.06
"South Central Region","2008-2010","Over 25","Cigarette Use in the Past Month","Percent","Tobacco Use",20.79
"South Central Region","2008-2010","Over 25","Tobacco Product Use in the Past Month","Percent","Margins of Error",3.3
"South Central Region","2008-2010","Over 25","Tobacco Product Use in the Past Month","Percent","Tobacco Use",25.03
"South Central Region","2010-2012","12-17","Cigarette Use in the Past Month","Percent","Margins of Error",2.17
"South Central Region","2010-2012","12-17","Cigarette Use in the Past Month","Percent","Tobacco Use",7.03
"South Central Region","2010-2012","12-17","Tobacco Product Use in the Past Month","Percent","Margins of Error",2.53
"South Central Region","2010-2012","12-17","Tobacco Product Use in the Past Month","Percent","Tobacco Use",9.51
"South Central Region","2010-2012","18-25","Cigarette Use in the Past Month","Percent","Margins of Error",4.5
"South Central Region","2010-2012","18-25","Cigarette Use in the Past Month","Percent","Tobacco Use",31.1
"South Central Region","2010-2012","18-25","Tobacco Product Use in the Past Month","Percent","Margins of Error",4.49
"South Central Region","2010-2012","18-25","Tobacco Product Use in the Past Month","Percent","Tobacco Use",38.12
"South Central Region","2010-2012","Over 17","Cigarette Use in the Past Month","Percent","Margins of Error",2.98
"South Central Region","2010-2012","Over 17","Cigarette Use in the Past Month","Percent","Tobacco Use",22.32
"South Central Region","2010-2012","Over 17","Tobacco Product Use in the Past Month","Percent","Margins of Error",3.36
"South Central Region","2010-2012","Over 17","Tobacco Product Use in the Past Month","Percent","Tobacco Use",27.26
"South Central Region","2010-2012","Over 25","Cigarette Use in the Past Month","Percent","Margins of Error",3.24
"South Central Region","2010-2012","Over 25","Cigarette Use in the Past Month","Percent","Tobacco Use",20.89
"South Central Region","2010-2012","Over 25","Tobacco Product Use in the Past Month","Percent","Margins of Error",3.66
"South Central Region","2010-2012","Over 25","Tobacco Product Use in the Past Month","Percent","Tobacco Use",25.49
"South Central Region","2012-2014","12-17","Cigarette Use in the Past Month","Percent","Margins of Error",1.28
"South Central Region","2012-2014","12-17","Cigarette Use in the Past Month","Percent","Tobacco Use",4.42
"South Central Region","2012-2014","12-17","Tobacco Product Use in the Past Month","Percent","Margins of Error",1.86
"South Central Region","2012-2014","12-17","Tobacco Product Use in the Past Month","Percent","Tobacco Use",6.42
"South Central Region","2012-2014","18-25","Cigarette Use in the Past Month","Percent","Margins of Error",4.42
"South Central Region","2012-2014","18-25","Cigarette Use in the Past Month","Percent","Tobacco Use",25.9
"South Central Region","2012-2014","18-25","Tobacco Product Use in the Past Month","Percent","Margins of Error",4.57
"South Central Region","2012-2014","18-25","Tobacco Product Use in the Past Month","Percent","Tobacco Use",33.11
"South Central Region","2012-2014","Over 17","Cigarette Use in the Past Month","Percent","Margins of Error",2.58
"South Central Region","2012-2014","Over 17","Cigarette Use in the Past Month","Percent","Tobacco Use",18.78
"South Central Region","2012-2014","Over 17","Tobacco Product Use in the Past Month","Percent","Margins of Error",3.11
"South Central Region","2012-2014","Over 17","Tobacco Product Use in the Past Month","Percent","Tobacco Use",23.69
"South Central Region","2012-2014","Over 25","Cigarette Use in the Past Month","Percent","Margins of Error",2.82
"South Central Region","2012-2014","Over 25","Cigarette Use in the Past Month","Percent","Tobacco Use",17.61
"South Central Region","2012-2014","Over 25","Tobacco Product Use in the Past Month","Percent","Margins of Error",3.41
"South Central Region","2012-2014","Over 25","Tobacco Product Use in the Past Month","Percent","Tobacco Use",22.14
"South Central Region","2014-2016","12-17","Cigarette Use in the Past Month","Percent","Margins of Error",1.38
"South Central Region","2014-2016","12-17","Cigarette Use in the Past Month","Percent","Tobacco Use",4.11
"South Central Region","2014-2016","12-17","Tobacco Product Use in the Past Month","Percent","Margins of Error",1.54
"South Central Region","2014-2016","12-17","Tobacco Product Use in the Past Month","Percent","Tobacco Use",6
"South Central Region","2014-2016","18-25","Cigarette Use in the Past Month","Percent","Margins of Error",4.47
"South Central Region","2014-2016","18-25","Cigarette Use in the Past Month","Percent","Tobacco Use",25.31
"South Central Region","2014-2016","18-25","Tobacco Product Use in the Past Month","Percent","Margins of Error",4.87
"South Central Region","2014-2016","18-25","Tobacco Product Use in the Past Month","Percent","Tobacco Use",33.6
"South Central Region","2014-2016","Over 17","Cigarette Use in the Past Month","Percent","Margins of Error",2.57
"South Central Region","2014-2016","Over 17","Cigarette Use in the Past Month","Percent","Tobacco Use",18.91
"South Central Region","2014-2016","Over 17","Tobacco Product Use in the Past Month","Percent","Margins of Error",2.9
"South Central Region","2014-2016","Over 17","Tobacco Product Use in the Past Month","Percent","Tobacco Use",24.37
"South Central Region","2014-2016","Over 25","Cigarette Use in the Past Month","Percent","Margins of Error",2.75
"South Central Region","2014-2016","Over 25","Cigarette Use in the Past Month","Percent","Tobacco Use",17.85
"South Central Region","2014-2016","Over 25","Tobacco Product Use in the Past Month","Percent","Margins of Error",3.14
"South Central Region","2014-2016","Over 25","Tobacco Product Use in the Past Month","Percent","Tobacco Use",22.85
"Southwest Region","2004-2006","12-17","Cigarette Use in the Past Month","Percent","Margins of Error",2.41
"Southwest Region","2004-2006","12-17","Cigarette Use in the Past Month","Percent","Tobacco Use",10.17
"Southwest Region","2004-2006","12-17","Tobacco Product Use in the Past Month","Percent","Margins of Error",2.94
"Southwest Region","2004-2006","12-17","Tobacco Product Use in the Past Month","Percent","Tobacco Use",12.69
"Southwest Region","2004-2006","18-25","Cigarette Use in the Past Month","Percent","Margins of Error",5.46
"Southwest Region","2004-2006","18-25","Cigarette Use in the Past Month","Percent","Tobacco Use",41.17
"Southwest Region","2004-2006","18-25","Tobacco Product Use in the Past Month","Percent","Margins of Error",5.31
"Southwest Region","2004-2006","18-25","Tobacco Product Use in the Past Month","Percent","Tobacco Use",45.09
"Southwest Region","2004-2006","Over 17","Cigarette Use in the Past Month","Percent","Margins of Error",3.06
"Southwest Region","2004-2006","Over 17","Cigarette Use in the Past Month","Percent","Tobacco Use",21.27
"Southwest Region","2004-2006","Over 17","Tobacco Product Use in the Past Month","Percent","Margins of Error",3.21
"Southwest Region","2004-2006","Over 17","Tobacco Product Use in the Past Month","Percent","Tobacco Use",24.77
"Southwest Region","2004-2006","Over 25","Cigarette Use in the Past Month","Percent","Margins of Error",3.26
"Southwest Region","2004-2006","Over 25","Cigarette Use in the Past Month","Percent","Tobacco Use",18.56
"Southwest Region","2004-2006","Over 25","Tobacco Product Use in the Past Month","Percent","Margins of Error",3.45
"Southwest Region","2004-2006","Over 25","Tobacco Product Use in the Past Month","Percent","Tobacco Use",22
"Southwest Region","2006-2008","12-17","Cigarette Use in the Past Month","Percent","Margins of Error",1.95
"Southwest Region","2006-2008","12-17","Cigarette Use in the Past Month","Percent","Tobacco Use",7.67
"Southwest Region","2006-2008","12-17","Tobacco Product Use in the Past Month","Percent","Margins of Error",2.58
"Southwest Region","2006-2008","12-17","Tobacco Product Use in the Past Month","Percent","Tobacco Use",10.87
"Southwest Region","2006-2008","18-25","Cigarette Use in the Past Month","Percent","Margins of Error",5.48
"Southwest Region","2006-2008","18-25","Cigarette Use in the Past Month","Percent","Tobacco Use",37.29
"Southwest Region","2006-2008","18-25","Tobacco Product Use in the Past Month","Percent","Margins of Error",5.57
"Southwest Region","2006-2008","18-25","Tobacco Product Use in the Past Month","Percent","Tobacco Use",43.45
"Southwest Region","2006-2008","Over 17","Cigarette Use in the Past Month","Percent","Margins of Error",2.91
"Southwest Region","2006-2008","Over 17","Cigarette Use in the Past Month","Percent","Tobacco Use",21.03
"Southwest Region","2006-2008","Over 17","Tobacco Product Use in the Past Month","Percent","Margins of Error",3.21
"Southwest Region","2006-2008","Over 17","Tobacco Product Use in the Past Month","Percent","Tobacco Use",25.24
"Southwest Region","2006-2008","Over 25","Cigarette Use in the Past Month","Percent","Margins of Error",2.97
"Southwest Region","2006-2008","Over 25","Cigarette Use in the Past Month","Percent","Tobacco Use",18.79
"Southwest Region","2006-2008","Over 25","Tobacco Product Use in the Past Month","Percent","Margins of Error",3.36
"Southwest Region","2006-2008","Over 25","Tobacco Product Use in the Past Month","Percent","Tobacco Use",22.73
"Southwest Region","2008-2010","12-17","Cigarette Use in the Past Month","Percent","Margins of Error",1.82
"Southwest Region","2008-2010","12-17","Cigarette Use in the Past Month","Percent","Tobacco Use",6.64
"Southwest Region","2008-2010","12-17","Tobacco Product Use in the Past Month","Percent","Margins of Error",2.3
"Southwest Region","2008-2010","12-17","Tobacco Product Use in the Past Month","Percent","Tobacco Use",9.34
"Southwest Region","2008-2010","18-25","Cigarette Use in the Past Month","Percent","Margins of Error",5.38
"Southwest Region","2008-2010","18-25","Cigarette Use in the Past Month","Percent","Tobacco Use",35.34
"Southwest Region","2008-2010","18-25","Tobacco Product Use in the Past Month","Percent","Margins of Error",5.61
"Southwest Region","2008-2010","18-25","Tobacco Product Use in the Past Month","Percent","Tobacco Use",40.33
"Southwest Region","2008-2010","Over 17","Cigarette Use in the Past Month","Percent","Margins of Error",3.01
"Southwest Region","2008-2010","Over 17","Cigarette Use in the Past Month","Percent","Tobacco Use",21.05
"Southwest Region","2008-2010","Over 17","Tobacco Product Use in the Past Month","Percent","Margins of Error",3.15
"Southwest Region","2008-2010","Over 17","Tobacco Product Use in the Past Month","Percent","Tobacco Use",24.33
"Southwest Region","2008-2010","Over 25","Cigarette Use in the Past Month","Percent","Margins of Error",3.13
"Southwest Region","2008-2010","Over 25","Cigarette Use in the Past Month","Percent","Tobacco Use",18.94
"Southwest Region","2008-2010","Over 25","Tobacco Product Use in the Past Month","Percent","Margins of Error",3.28
"Southwest Region","2008-2010","Over 25","Tobacco Product Use in the Past Month","Percent","Tobacco Use",21.97
"Southwest Region","2010-2012","12-17","Cigarette Use in the Past Month","Percent","Margins of Error",1.89
"Southwest Region","2010-2012","12-17","Cigarette Use in the Past Month","Percent","Tobacco Use",5.97
"Southwest Region","2010-2012","12-17","Tobacco Product Use in the Past Month","Percent","Margins of Error",2.3
"Southwest Region","2010-2012","12-17","Tobacco Product Use in the Past Month","Percent","Tobacco Use",8.46
"Southwest Region","2010-2012","18-25","Cigarette Use in the Past Month","Percent","Margins of Error",-9999
"Southwest Region","2010-2012","18-25","Cigarette Use in the Past Month","Percent","Tobacco Use",-9999
"Southwest Region","2010-2012","18-25","Tobacco Product Use in the Past Month","Percent","Margins of Error",5.36
"Southwest Region","2010-2012","18-25","Tobacco Product Use in the Past Month","Percent","Tobacco Use",36.53
"Southwest Region","2010-2012","Over 17","Cigarette Use in the Past Month","Percent","Margins of Error",2.94
"Southwest Region","2010-2012","Over 17","Cigarette Use in the Past Month","Percent","Tobacco Use",19.88
"Southwest Region","2010-2012","Over 17","Tobacco Product Use in the Past Month","Percent","Margins of Error",3.4
"Southwest Region","2010-2012","Over 17","Tobacco Product Use in the Past Month","Percent","Tobacco Use",24.37
"Southwest Region","2010-2012","Over 25","Cigarette Use in the Past Month","Percent","Margins of Error",3.11
"Southwest Region","2010-2012","Over 25","Cigarette Use in the Past Month","Percent","Tobacco Use",17.97
"Southwest Region","2010-2012","Over 25","Tobacco Product Use in the Past Month","Percent","Margins of Error",3.62
"Southwest Region","2010-2012","Over 25","Tobacco Product Use in the Past Month","Percent","Tobacco Use",22.65
"Southwest Region","2012-2014","12-17","Cigarette Use in the Past Month","Percent","Margins of Error",1.26
"Southwest Region","2012-2014","12-17","Cigarette Use in the Past Month","Percent","Tobacco Use",4.34
"Southwest Region","2012-2014","12-17","Tobacco Product Use in the Past Month","Percent","Margins of Error",2
"Southwest Region","2012-2014","12-17","Tobacco Product Use in the Past Month","Percent","Tobacco Use",6.58
"Southwest Region","2012-2014","18-25","Cigarette Use in the Past Month","Percent","Margins of Error",-9999
"Southwest Region","2012-2014","18-25","Cigarette Use in the Past Month","Percent","Tobacco Use",-9999
"Southwest Region","2012-2014","18-25","Tobacco Product Use in the Past Month","Percent","Margins of Error",4.97
"Southwest Region","2012-2014","18-25","Tobacco Product Use in the Past Month","Percent","Tobacco Use",32.63
"Southwest Region","2012-2014","Over 17","Cigarette Use in the Past Month","Percent","Margins of Error",2.68
"Southwest Region","2012-2014","Over 17","Cigarette Use in the Past Month","Percent","Tobacco Use",17.62
"Southwest Region","2012-2014","Over 17","Tobacco Product Use in the Past Month","Percent","Margins of Error",3.11
"Southwest Region","2012-2014","Over 17","Tobacco Product Use in the Past Month","Percent","Tobacco Use",21.74
"Southwest Region","2012-2014","Over 25","Cigarette Use in the Past Month","Percent","Margins of Error",2.88
"Southwest Region","2012-2014","Over 25","Cigarette Use in the Past Month","Percent","Tobacco Use",15.83
"Southwest Region","2012-2014","Over 25","Tobacco Product Use in the Past Month","Percent","Margins of Error",3.37
"Southwest Region","2012-2014","Over 25","Tobacco Product Use in the Past Month","Percent","Tobacco Use",20.1
"Southwest Region","2014-2016","12-17","Cigarette Use in the Past Month","Percent","Margins of Error",1.03
"Southwest Region","2014-2016","12-17","Cigarette Use in the Past Month","Percent","Tobacco Use",2.97
"Southwest Region","2014-2016","12-17","Tobacco Product Use in the Past Month","Percent","Margins of Error",1.25
"Southwest Region","2014-2016","12-17","Tobacco Product Use in the Past Month","Percent","Tobacco Use",4.72
"Southwest Region","2014-2016","18-25","Cigarette Use in the Past Month","Percent","Margins of Error",4.56
"Southwest Region","2014-2016","18-25","Cigarette Use in the Past Month","Percent","Tobacco Use",26.18
"Southwest Region","2014-2016","18-25","Tobacco Product Use in the Past Month","Percent","Margins of Error",4.85
"Southwest Region","2014-2016","18-25","Tobacco Product Use in the Past Month","Percent","Tobacco Use",29.43
"Southwest Region","2014-2016","Over 17","Cigarette Use in the Past Month","Percent","Margins of Error",2.66
"Southwest Region","2014-2016","Over 17","Cigarette Use in the Past Month","Percent","Tobacco Use",16.87
"Southwest Region","2014-2016","Over 17","Tobacco Product Use in the Past Month","Percent","Margins of Error",2.74
"Southwest Region","2014-2016","Over 17","Tobacco Product Use in the Past Month","Percent","Tobacco Use",19.91
"Southwest Region","2014-2016","Over 25","Cigarette Use in the Past Month","Percent","Margins of Error",2.82
"Southwest Region","2014-2016","Over 25","Cigarette Use in the Past Month","Percent","Tobacco Use",15.42
"Southwest Region","2014-2016","Over 25","Tobacco Product Use in the Past Month","Percent","Margins of Error",2.89
"Southwest Region","2014-2016","Over 25","Tobacco Product Use in the Past Month","Percent","Tobacco Use",18.43
"United States","2004-2006","12-17","Cigarette Use in the Past Month","Percent","Margins of Error",0
"United States","2004-2006","12-17","Cigarette Use in the Past Month","Percent","Tobacco Use",11.02
"United States","2004-2006","12-17","Tobacco Product Use in the Past Month","Percent","Margins of Error",0
"United States","2004-2006","12-17","Tobacco Product Use in the Past Month","Percent","Tobacco Use",13.47
"United States","2004-2006","18-25","Cigarette Use in the Past Month","Percent","Margins of Error",0
"United States","2004-2006","18-25","Cigarette Use in the Past Month","Percent","Tobacco Use",39
"United States","2004-2006","18-25","Tobacco Product Use in the Past Month","Percent","Margins of Error",0
"United States","2004-2006","18-25","Tobacco Product Use in the Past Month","Percent","Tobacco Use",44.29
"United States","2004-2006","Over 17","Cigarette Use in the Past Month","Percent","Margins of Error",0
"United States","2004-2006","Over 17","Cigarette Use in the Past Month","Percent","Tobacco Use",26.63
"United States","2004-2006","Over 17","Tobacco Product Use in the Past Month","Percent","Margins of Error",0
"United States","2004-2006","Over 17","Tobacco Product Use in the Past Month","Percent","Tobacco Use",31.34
"United States","2004-2006","Over 25","Cigarette Use in the Past Month","Percent","Margins of Error",0
"United States","2004-2006","Over 25","Cigarette Use in the Past Month","Percent","Tobacco Use",24.46
"United States","2004-2006","Over 25","Tobacco Product Use in the Past Month","Percent","Margins of Error",0
"United States","2004-2006","Over 25","Tobacco Product Use in the Past Month","Percent","Tobacco Use",29.08
"United States","2006-2008","12-17","Cigarette Use in the Past Month","Percent","Margins of Error",0.26
"United States","2006-2008","12-17","Cigarette Use in the Past Month","Percent","Tobacco Use",9.84
"United States","2006-2008","12-17","Tobacco Product Use in the Past Month","Percent","Margins of Error",0.3
"United States","2006-2008","12-17","Tobacco Product Use in the Past Month","Percent","Tobacco Use",12.33
"United States","2006-2008","18-25","Cigarette Use in the Past Month","Percent","Margins of Error",0.47
"United States","2006-2008","18-25","Cigarette Use in the Past Month","Percent","Tobacco Use",37.11
"United States","2006-2008","18-25","Tobacco Product Use in the Past Month","Percent","Margins of Error",0.47
"United States","2006-2008","18-25","Tobacco Product Use in the Past Month","Percent","Tobacco Use",42.73
"United States","2006-2008","Over 17","Cigarette Use in the Past Month","Percent","Margins of Error",0.37
"United States","2006-2008","Over 17","Cigarette Use in the Past Month","Percent","Tobacco Use",26.27
"United States","2006-2008","Over 17","Tobacco Product Use in the Past Month","Percent","Margins of Error",0.38
"United States","2006-2008","Over 17","Tobacco Product Use in the Past Month","Percent","Tobacco Use",30.97
"United States","2006-2008","Over 25","Cigarette Use in the Past Month","Percent","Margins of Error",0.41
"United States","2006-2008","Over 25","Cigarette Use in the Past Month","Percent","Tobacco Use",24.39
"United States","2006-2008","Over 25","Tobacco Product Use in the Past Month","Percent","Margins of Error",0.43
"United States","2006-2008","Over 25","Tobacco Product Use in the Past Month","Percent","Tobacco Use",28.95
"United States","2008-2010","12-17","Cigarette Use in the Past Month","Percent","Margins of Error",0.26
"United States","2008-2010","12-17","Cigarette Use in the Past Month","Percent","Tobacco Use",8.83
"United States","2008-2010","12-17","Tobacco Product Use in the Past Month","Percent","Margins of Error",0.28
"United States","2008-2010","12-17","Tobacco Product Use in the Past Month","Percent","Tobacco Use",11.32
"United States","2008-2010","18-25","Cigarette Use in the Past Month","Percent","Margins of Error",0.45
"United States","2008-2010","18-25","Cigarette Use in the Past Month","Percent","Tobacco Use",35.46
"United States","2008-2010","18-25","Tobacco Product Use in the Past Month","Percent","Margins of Error",0.48
"United States","2008-2010","18-25","Tobacco Product Use in the Past Month","Percent","Tobacco Use",41.43
"United States","2008-2010","Over 17","Cigarette Use in the Past Month","Percent","Margins of Error",0.35
"United States","2008-2010","Over 17","Cigarette Use in the Past Month","Percent","Tobacco Use",25.05
"United States","2008-2010","Over 17","Tobacco Product Use in the Past Month","Percent","Margins of Error",0.37
"United States","2008-2010","Over 17","Tobacco Product Use in the Past Month","Percent","Tobacco Use",29.73
"United States","2008-2010","Over 25","Cigarette Use in the Past Month","Percent","Margins of Error",0.4
"United States","2008-2010","Over 25","Cigarette Use in the Past Month","Percent","Tobacco Use",23.24
"United States","2008-2010","Over 25","Tobacco Product Use in the Past Month","Percent","Margins of Error",0.42
"United States","2008-2010","Over 25","Tobacco Product Use in the Past Month","Percent","Tobacco Use",27.7
"United States","2010-2012","12-17","Cigarette Use in the Past Month","Percent","Margins of Error",0.23
"United States","2010-2012","12-17","Cigarette Use in the Past Month","Percent","Tobacco Use",7.54
"United States","2010-2012","12-17","Tobacco Product Use in the Past Month","Percent","Margins of Error",0.26
"United States","2010-2012","12-17","Tobacco Product Use in the Past Month","Percent","Tobacco Use",9.74
"United States","2010-2012","18-25","Cigarette Use in the Past Month","Percent","Margins of Error",0.47
"United States","2010-2012","18-25","Cigarette Use in the Past Month","Percent","Tobacco Use",33.12
"United States","2010-2012","18-25","Tobacco Product Use in the Past Month","Percent","Margins of Error",0.47
"United States","2010-2012","18-25","Tobacco Product Use in the Past Month","Percent","Tobacco Use",39.31
"United States","2010-2012","Over 17","Cigarette Use in the Past Month","Percent","Margins of Error",0.34
"United States","2010-2012","Over 17","Cigarette Use in the Past Month","Percent","Tobacco Use",23.9
"United States","2010-2012","Over 17","Tobacco Product Use in the Past Month","Percent","Margins of Error",0.36
"United States","2010-2012","Over 17","Tobacco Product Use in the Past Month","Percent","Tobacco Use",28.63
"United States","2010-2012","Over 25","Cigarette Use in the Past Month","Percent","Margins of Error",0.37
"United States","2010-2012","Over 25","Cigarette Use in the Past Month","Percent","Tobacco Use",22.31
"United States","2010-2012","Over 25","Tobacco Product Use in the Past Month","Percent","Margins of Error",0.4
"United States","2010-2012","Over 25","Tobacco Product Use in the Past Month","Percent","Tobacco Use",26.78
"United States","2012-2014","12-17","Cigarette Use in the Past Month","Percent","Margins of Error",0.2
"United States","2012-2014","12-17","Cigarette Use in the Past Month","Percent","Tobacco Use",5.68
"United States","2012-2014","12-17","Tobacco Product Use in the Past Month","Percent","Margins of Error",0.23
"United States","2012-2014","12-17","Tobacco Product Use in the Past Month","Percent","Tobacco Use",7.83
"United States","2012-2014","18-25","Cigarette Use in the Past Month","Percent","Margins of Error",0.48
"United States","2012-2014","18-25","Cigarette Use in the Past Month","Percent","Tobacco Use",30.26
"United States","2012-2014","18-25","Tobacco Product Use in the Past Month","Percent","Margins of Error",0.49
"United States","2012-2014","18-25","Tobacco Product Use in the Past Month","Percent","Tobacco Use",36.71
"United States","2012-2014","Over 17","Cigarette Use in the Past Month","Percent","Margins of Error",0.32
"United States","2012-2014","Over 17","Cigarette Use in the Past Month","Percent","Tobacco Use",23.05
"United States","2012-2014","Over 17","Tobacco Product Use in the Past Month","Percent","Margins of Error",0.34
"United States","2012-2014","Over 17","Tobacco Product Use in the Past Month","Percent","Tobacco Use",27.69
"United States","2012-2014","Over 25","Cigarette Use in the Past Month","Percent","Margins of Error",0.36
"United States","2012-2014","Over 25","Cigarette Use in the Past Month","Percent","Tobacco Use",21.81
"United States","2012-2014","Over 25","Tobacco Product Use in the Past Month","Percent","Margins of Error",0.38
"United States","2012-2014","Over 25","Tobacco Product Use in the Past Month","Percent","Tobacco Use",26.15
"United States","2014-2016","12-17","Cigarette Use in the Past Month","Percent","Margins of Error",0.18
"United States","2014-2016","12-17","Cigarette Use in the Past Month","Percent","Tobacco Use",4.16
"United States","2014-2016","12-17","Tobacco Product Use in the Past Month","Percent","Margins of Error",0.22
"United States","2014-2016","12-17","Tobacco Product Use in the Past Month","Percent","Tobacco Use",6.1
"United States","2014-2016","18-25","Cigarette Use in the Past Month","Percent","Margins of Error",0.49
"United States","2014-2016","18-25","Cigarette Use in the Past Month","Percent","Tobacco Use",26.2
"United States","2014-2016","18-25","Tobacco Product Use in the Past Month","Percent","Margins of Error",0.51
"United States","2014-2016","18-25","Tobacco Product Use in the Past Month","Percent","Tobacco Use",32.68
"United States","2014-2016","Over 17","Cigarette Use in the Past Month","Percent","Margins of Error",0.28
"United States","2014-2016","Over 17","Cigarette Use in the Past Month","Percent","Tobacco Use",21.36
"United States","2014-2016","Over 17","Tobacco Product Use in the Past Month","Percent","Margins of Error",0.29
"United States","2014-2016","Over 17","Tobacco Product Use in the Past Month","Percent","Tobacco Use",26.08
"United States","2014-2016","Over 25","Cigarette Use in the Past Month","Percent","Margins of Error",0.31
"United States","2014-2016","Over 25","Cigarette Use in the Past Month","Percent","Tobacco Use",20.55
"United States","2014-2016","Over 25","Tobacco Product Use in the Past Month","Percent","Margins of Error",0.32
"United States","2014-2016","Over 25","Tobacco Product Use in the Past Month","Percent","Tobacco Use",24.97
